country,subnational1,threshold,area_ha,extent_2000_ha,extent_2010_ha,gain_2000-2012_ha,tc_loss_ha_2001,tc_loss_ha_2002,tc_loss_ha_2003,tc_loss_ha_2004,tc_loss_ha_2005,tc_loss_ha_2006,tc_loss_ha_2007,tc_loss_ha_2008,tc_loss_ha_2009,tc_loss_ha_2010,tc_loss_ha_2011,tc_loss_ha_2012,tc_loss_ha_2013,tc_loss_ha_2014,tc_loss_ha_2015,tc_loss_ha_2016,tc_loss_ha_2017,tc_loss_ha_2018,tc_loss_ha_2019,tc_loss_ha_2020,tc_loss_ha_2021,tc_loss_ha_2022,tc_loss_ha_2023,tc_loss_ha_2024
Ukraine,?,0,13583,13583,13583,255,10,4,7,35,17,23,4,7,16,2,8,6,7,6,10,18,25,17,3,12,14,9,8,1
Ukraine,?,10,13583,7364,6785,255,10,3,7,34,14,21,1,5,16,1,6,5,5,4,10,12,22,15,3,11,12,8,8,0
Ukraine,?,15,13583,6969,6491,255,10,3,7,34,14,21,0,5,16,1,5,5,5,4,10,11,20,15,3,10,12,8,8,0
Ukraine,?,20,13583,6867,6456,255,10,3,7,34,14,21,0,5,15,1,5,5,5,4,10,10,20,15,3,10,12,8,8,0
Ukraine,?,25,13583,6673,6390,255,10,3,7,34,14,21,0,4,15,1,4,5,4,4,10,9,20,15,3,10,12,8,7,0
Ukraine,?,30,13583,6443,6267,255,10,3,7,34,14,21,0,3,15,1,4,5,4,4,10,9,20,15,3,10,12,8,7,0
Ukraine,?,50,13583,5957,5720,255,9,3,6,32,14,20,0,1,13,1,3,5,3,4,10,7,17,14,2,10,11,8,7,0
Ukraine,?,75,13583,3982,3475,255,7,0,5,12,10,13,0,0,9,0,2,5,1,2,3,3,8,6,0,5,6,5,4,0
Ukraine,Cherkasy,0,2094279,2094279,2094279,29810,373,786,445,989,767,717,849,1783,883,999,1343,1393,1261,1165,1553,2297,2453,4155,1438,1630,4379,1460,1088,1082
Ukraine,Cherkasy,10,2094279,477788,481128,29810,363,775,439,972,756,707,840,1768,865,987,1336,1384,1225,1141,1512,2209,2315,4032,1387,1533,4257,1333,1015,1011
Ukraine,Cherkasy,15,2094279,455173,447264,29810,360,769,438,962,754,701,836,1762,861,983,1334,1381,1222,1140,1508,2200,2296,4015,1383,1526,4248,1324,1012,1006
Ukraine,Cherkasy,20,2094279,440849,442809,29810,359,765,437,958,753,700,835,1759,860,982,1331,1379,1221,1139,1505,2192,2282,4004,1380,1520,4240,1318,1010,1002
Ukraine,Cherkasy,25,2094279,424006,431494,29810,357,763,436,955,751,699,833,1758,857,981,1330,1378,1219,1137,1501,2184,2269,3994,1377,1515,4232,1311,1006,999
Ukraine,Cherkasy,30,2094279,404531,418893,29810,356,762,435,953,751,698,833,1757,857,980,1329,1375,1215,1136,1494,2171,2247,3969,1369,1505,4219,1301,1002,995
Ukraine,Cherkasy,50,2094279,352634,347079,29810,313,668,397,853,703,659,794,1694,824,948,1296,1332,1166,1093,1419,2040,2099,3796,1316,1438,4115,1235,966,964
Ukraine,Cherkasy,75,2094279,255032,237130,29810,190,356,235,452,402,402,539,1186,587,741,1032,997,850,874,1096,1552,1607,2765,1083,1164,3591,983,828,802
Ukraine,Chernihiv,0,3246319,3246319,3246319,135011,2205,2325,3881,3707,4014,4546,2708,4421,4198,5393,6067,5415,3068,3263,4436,7582,5715,5296,4396,6125,5704,4403,5301,4359
Ukraine,Chernihiv,10,3246319,947431,984575,135011,2191,2315,3867,3696,4009,4535,2699,4399,4177,5374,6051,5375,3018,3140,4271,7249,5376,4811,3733,5146,4605,3356,4065,3575
Ukraine,Chernihiv,15,3246319,912098,933582,135011,2183,2307,3861,3690,4004,4529,2694,4391,4168,5369,6045,5369,3009,3130,4251,7210,5343,4783,3707,5087,4563,3311,4017,3550
Ukraine,Chernihiv,20,3246319,891944,922309,135011,2179,2302,3854,3686,3999,4526,2689,4386,4165,5366,6042,5364,3004,3124,4239,7189,5328,4766,3692,5066,4544,3290,3995,3538
Ukraine,Chernihiv,25,3246319,875416,899226,135011,2175,2299,3850,3682,3996,4524,2687,4382,4163,5364,6040,5360,3001,3117,4225,7168,5309,4751,3681,5032,4523,3268,3975,3525
Ukraine,Chernihiv,30,3246319,846991,876531,135011,2173,2298,3848,3679,3995,4520,2686,4380,4161,5361,6038,5354,2993,3108,4203,7130,5282,4724,3665,4989,4498,3237,3945,3506
Ukraine,Chernihiv,50,3246319,739643,740824,135011,2045,2157,3656,3523,3851,4342,2584,4242,4043,5266,5949,5267,2880,2978,3979,6764,5033,4484,3503,4728,4279,3065,3734,3332
Ukraine,Chernihiv,75,3246319,443563,353720,135011,1464,1534,2493,2452,2708,3067,1915,3201,3121,4131,4800,4164,1611,1686,2359,3904,3037,2540,2139,2790,2514,1700,2169,1835
Ukraine,Chernivtsi,0,820836,820836,820836,8090,1034,1503,996,1291,1235,1611,3881,2136,1295,2989,2195,2805,1508,2051,1553,2430,1831,1578,1268,1510,1390,1124,1553,1362
Ukraine,Chernivtsi,10,820836,309711,295477,8090,1033,1500,992,1287,1232,1606,3867,2130,1291,2984,2191,2790,1488,2033,1536,2365,1794,1557,1250,1468,1350,1094,1494,1329
Ukraine,Chernivtsi,15,820836,300186,283127,8090,1033,1498,991,1286,1232,1604,3865,2129,1290,2984,2190,2789,1486,2031,1535,2357,1790,1554,1249,1465,1346,1091,1491,1326
Ukraine,Chernivtsi,20,820836,294098,281318,8090,1032,1498,990,1286,1231,1603,3862,2129,1290,2982,2189,2788,1484,2030,1534,2354,1788,1553,1248,1462,1344,1090,1489,1325
Ukraine,Chernivtsi,25,820836,289471,276488,8090,1031,1497,989,1285,1231,1603,3860,2128,1289,2982,2189,2786,1483,2028,1533,2351,1786,1553,1248,1460,1341,1088,1488,1324
Ukraine,Chernivtsi,30,820836,281825,272730,8090,1031,1496,989,1285,1230,1603,3860,2128,1289,2981,2189,2785,1481,2026,1531,2346,1782,1551,1247,1457,1338,1086,1485,1320
Ukraine,Chernivtsi,50,820836,262913,252084,8090,1026,1483,977,1276,1221,1592,3827,2115,1283,2974,2179,2772,1469,2012,1520,2316,1762,1539,1237,1444,1326,1077,1472,1307
Ukraine,Chernivtsi,75,820836,231416,194438,8090,989,1391,919,1216,1168,1524,3644,2045,1249,2901,2125,2690,1401,1934,1466,2214,1679,1481,1197,1390,1288,1034,1420,1261
Ukraine,Crimea,0,2632584,2632584,2632584,3843,51,48,90,83,39,75,242,410,83,42,221,102,90,35,10,37,26,11,37,38,76,21,84,208
Ukraine,Crimea,10,2632584,306677,298881,3843,40,36,74,63,29,59,216,395,64,35,157,67,69,20,3,23,22,9,35,32,67,19,57,121
Ukraine,Crimea,15,2632584,294066,284170,3843,36,33,64,57,26,54,207,391,58,31,139,62,68,19,3,22,22,9,35,29,67,18,54,117
Ukraine,Crimea,20,2632584,287331,282190,3843,36,32,62,56,26,53,205,389,57,31,136,60,67,19,3,22,21,9,35,29,65,18,52,115
Ukraine,Crimea,25,2632584,278818,275305,3843,35,31,61,54,25,53,202,387,56,30,135,57,67,17,3,21,20,9,34,28,65,18,50,110
Ukraine,Crimea,30,2632584,269528,270046,3843,35,31,59,53,25,52,200,386,55,29,131,54,65,15,3,21,20,8,34,27,63,18,49,104
Ukraine,Crimea,50,2632584,245841,237477,3843,29,25,43,44,20,41,172,365,46,24,93,39,56,12,3,16,17,7,30,18,55,16,44,88
Ukraine,Crimea,75,2632584,197601,196621,3843,22,18,24,23,10,26,113,263,28,10,52,12,31,6,2,7,4,2,17,1,33,12,31,51
Ukraine,Dnipropetrovs'k,0,3177243,3177243,3177243,25999,51,173,171,201,299,190,278,343,624,129,897,310,124,90,100,215,439,611,115,216,178,160,136,122
Ukraine,Dnipropetrovs'k,10,3177243,339899,364611,25999,42,143,158,178,255,152,245,317,580,113,875,284,92,65,91,180,344,489,100,161,140,125,114,87
Ukraine,Dnipropetrovs'k,15,3177243,286889,289137,25999,38,136,152,170,237,140,229,304,556,110,854,274,90,64,90,175,334,470,96,155,137,122,112,85
Ukraine,Dnipropetrovs'k,20,3177243,257490,280616,25999,36,131,150,169,225,138,222,300,546,108,845,268,86,63,89,170,324,452,94,148,134,119,110,83
Ukraine,Dnipropetrovs'k,25,3177243,226363,258655,25999,35,128,148,167,220,136,219,291,540,108,843,262,83,61,86,165,312,422,90,142,130,114,108,80
Ukraine,Dnipropetrovs'k,30,3177243,190034,225524,25999,35,125,148,166,214,134,215,288,536,106,837,250,79,58,81,157,291,373,83,133,124,109,103,76
Ukraine,Dnipropetrovs'k,50,3177243,119174,113015,25999,24,83,90,101,107,85,144,215,387,80,680,208,62,46,62,127,220,241,63,98,91,84,81,58
Ukraine,Dnipropetrovs'k,75,3177243,54478,51709,25999,12,33,26,33,38,34,65,85,186,50,464,135,31,23,26,55,97,97,27,41,43,44,37,30
Ukraine,Donets'k,0,2658605,2658605,2658605,20603,79,176,63,113,224,111,339,237,173,138,318,435,208,244,393,512,383,569,60,52,272,231,2659,11653
Ukraine,Donets'k,10,2658605,311421,389174,20603,60,136,49,69,184,87,268,205,149,113,298,367,178,197,373,467,330,515,45,37,229,212,2519,9752
Ukraine,Donets'k,15,2658605,260982,305153,20603,57,123,45,66,177,83,250,198,145,110,292,349,174,192,370,464,325,511,45,37,228,210,2492,9472
Ukraine,Donets'k,20,2658605,233626,296320,20603,55,119,44,63,176,81,241,194,143,108,289,340,171,188,367,460,321,505,44,35,225,207,2461,9253
Ukraine,Donets'k,25,2658605,202249,272923,20603,52,115,44,61,172,79,234,191,142,107,286,333,166,177,357,445,312,491,44,33,217,203,2404,8828
Ukraine,Donets'k,30,2658605,170539,236215,20603,51,112,43,58,170,78,230,191,140,107,283,322,159,161,343,422,293,475,42,32,211,195,2300,8210
Ukraine,Donets'k,50,2658605,114397,123587,20603,30,71,31,44,140,58,163,154,113,92,248,271,139,118,280,323,220,391,33,25,172,153,1831,6295
Ukraine,Donets'k,75,2658605,63440,65606,20603,17,41,16,23,83,31,81,84,63,63,170,198,83,63,141,146,103,208,17,14,101,63,917,3035
Ukraine,Ivano-Frankivs'k,0,1381267,1381267,1381267,12958,2552,749,1841,2133,1215,2192,10291,2849,3003,3239,3112,3515,1602,2487,2167,3983,3671,2645,1770,2793,1902,1541,2632,2174
Ukraine,Ivano-Frankivs'k,10,1381267,707114,692848,12958,2547,748,1833,2129,1214,2185,10270,2838,2994,3235,3104,3505,1587,2468,2150,3941,3637,2611,1747,2730,1866,1489,2544,2035
Ukraine,Ivano-Frankivs'k,15,1381267,693095,673735,12958,2546,748,1832,2129,1213,2184,10266,2836,2993,3234,3102,3502,1585,2466,2150,3936,3633,2608,1744,2726,1862,1487,2540,2028
Ukraine,Ivano-Frankivs'k,20,1381267,685900,670172,12958,2545,747,1831,2129,1213,2183,10263,2835,2992,3233,3102,3501,1585,2465,2149,3932,3631,2606,1742,2725,1861,1484,2537,2023
Ukraine,Ivano-Frankivs'k,25,1381267,680328,663007,12958,2545,747,1830,2128,1213,2183,10261,2835,2992,3232,3102,3501,1583,2462,2148,3930,3629,2603,1741,2723,1861,1482,2535,2021
Ukraine,Ivano-Frankivs'k,30,1381267,670414,656684,12958,2545,747,1830,2128,1213,2183,10259,2834,2991,3232,3101,3499,1582,2461,2147,3925,3626,2602,1739,2717,1858,1480,2532,2014
Ukraine,Ivano-Frankivs'k,50,1381267,639659,619149,12958,2533,743,1816,2121,1208,2169,10210,2819,2972,3226,3091,3485,1573,2449,2139,3892,3601,2588,1726,2686,1845,1467,2517,1991
Ukraine,Ivano-Frankivs'k,75,1381267,573018,501476,12958,2458,717,1737,2068,1182,2111,9858,2755,2894,3172,3041,3408,1517,2366,2077,3750,3485,2511,1673,2598,1792,1415,2441,1926
Ukraine,Kharkiv,0,3142127,3142127,3142127,36202,748,869,773,1007,1118,1218,1496,947,2853,960,1588,1164,818,866,937,2560,1411,1671,1051,1064,1466,1883,5198,16190
Ukraine,Kharkiv,10,3142127,624751,627812,36202,731,850,755,982,1095,1192,1446,915,2745,937,1546,1103,788,839,903,2412,1261,1527,1010,1009,1369,1646,4785,13365
Ukraine,Kharkiv,15,3142127,573245,545795,36202,716,834,732,954,1071,1154,1410,892,2680,915,1503,1064,781,836,900,2394,1242,1516,1004,1004,1359,1632,4747,13029
Ukraine,Kharkiv,20,3142127,542215,536747,36202,707,822,723,942,1061,1144,1400,887,2667,910,1491,1051,778,832,897,2383,1227,1498,1000,998,1348,1618,4712,12824
Ukraine,Kharkiv,25,3142127,508575,510279,36202,700,818,721,939,1059,1142,1397,883,2662,909,1488,1041,770,824,892,2364,1209,1488,994,992,1336,1602,4676,12556
Ukraine,Kharkiv,30,3142127,473113,481599,36202,696,815,717,934,1056,1139,1394,882,2656,908,1483,1031,754,811,879,2328,1180,1468,983,980,1312,1553,4568,12103
Ukraine,Kharkiv,50,3142127,385641,356014,36202,598,701,604,778,896,958,1169,765,2254,811,1357,929,662,717,795,2083,1021,1328,915,892,1168,1327,3989,10304
Ukraine,Kharkiv,75,3142127,248237,235214,36202,399,473,382,485,572,627,779,533,1414,578,1022,680,398,445,492,1265,648,846,606,591,763,764,2373,6153
Ukraine,Kherson,0,2554438,2554438,2554438,4897,727,679,311,910,123,872,609,6068,279,36,367,851,574,144,62,147,31,183,80,10,64,1733,4304,19767
Ukraine,Kherson,10,2554438,127789,130778,4897,677,575,241,560,82,543,465,3387,245,31,302,739,409,125,56,87,29,170,72,10,61,1598,2954,13336
Ukraine,Kherson,15,2554438,112042,116966,4897,559,447,181,368,58,355,303,1848,216,24,245,718,389,124,55,85,28,170,72,10,60,1580,2632,12215
Ukraine,Kherson,20,2554438,105465,115492,4897,547,434,176,355,57,348,298,1794,213,23,239,700,379,123,54,84,28,169,71,10,60,1557,2522,11690
Ukraine,Kherson,25,2554438,97698,106308,4897,545,433,176,353,57,344,296,1790,210,22,233,669,346,120,52,84,28,167,70,10,58,1530,2279,10702
Ukraine,Kherson,30,2554438,88648,101456,4897,542,428,174,348,54,340,294,1769,207,22,230,631,307,107,45,82,27,155,64,9,55,1439,1853,9134
Ukraine,Kherson,50,2554438,62121,71048,4897,278,223,98,154,35,166,180,790,163,12,142,494,228,73,26,73,23,110,40,8,45,1128,1052,5363
Ukraine,Kherson,75,2554438,26381,34202,4897,64,96,38,61,20,67,95,254,94,5,70,247,94,29,5,29,15,41,17,5,20,384,309,1681
Ukraine,Khmel'nyts'kyy,0,2073978,2073978,2073978,22634,836,944,1151,1412,1121,1217,1427,1349,1404,1372,1334,1431,984,1217,1289,2908,3223,2134,1297,1746,1519,1479,1639,1733
Ukraine,Khmel'nyts'kyy,10,2073978,382879,378521,22634,831,941,1147,1407,1116,1212,1420,1338,1401,1368,1326,1414,963,1184,1213,2677,3059,1981,1173,1450,1232,1089,1232,1354
Ukraine,Khmel'nyts'kyy,15,2073978,364777,354669,22634,831,940,1146,1405,1115,1211,1419,1336,1400,1368,1325,1412,960,1180,1206,2652,3047,1968,1167,1430,1220,1068,1215,1337
Ukraine,Khmel'nyts'kyy,20,2073978,352665,350743,22634,831,939,1145,1405,1114,1211,1418,1336,1400,1367,1325,1410,959,1178,1202,2638,3039,1964,1164,1418,1211,1057,1205,1325
Ukraine,Khmel'nyts'kyy,25,2073978,344585,341238,22634,831,938,1145,1403,1114,1210,1417,1335,1399,1367,1324,1409,958,1175,1199,2626,3031,1959,1161,1407,1206,1047,1198,1313
Ukraine,Khmel'nyts'kyy,30,2073978,331410,332482,22634,830,938,1144,1403,1114,1210,1417,1335,1399,1367,1323,1407,957,1173,1195,2611,3020,1949,1157,1385,1194,1030,1185,1299
Ukraine,Khmel'nyts'kyy,50,2073978,294209,289893,22634,822,925,1131,1389,1107,1202,1395,1326,1389,1359,1310,1388,945,1155,1174,2518,2942,1891,1129,1298,1142,936,1135,1242
Ukraine,Khmel'nyts'kyy,75,2073978,243333,194593,22634,766,859,1059,1298,1049,1128,1296,1259,1327,1292,1239,1311,854,1064,1075,2183,2490,1584,1028,1132,1011,776,1027,1113
Ukraine,Kiev,0,2810679,2810679,2810679,75707,2439,2618,3192,6303,4056,3886,2664,4062,3916,4203,6071,4015,3543,4116,6103,12747,7041,10978,3089,13510,7774,7755,10145,4358
Ukraine,Kiev,10,2810679,851922,848379,75707,2423,2598,3168,6272,4030,3856,2626,4006,3862,4184,6040,3982,3441,4008,5789,12304,6799,10734,2852,12046,7261,6427,9389,3871
Ukraine,Kiev,15,2810679,814539,796565,75707,2411,2585,3152,6255,4018,3846,2615,3992,3845,4177,6027,3973,3428,3986,5750,12228,6760,10688,2833,11900,7212,6349,9314,3803
Ukraine,Kiev,20,2810679,794480,788632,75707,2405,2574,3138,6243,4011,3841,2611,3982,3837,4173,6019,3968,3419,3974,5719,12170,6739,10655,2822,11767,7173,6299,9271,3773
Ukraine,Kiev,25,2810679,774822,768843,75707,2397,2569,3132,6236,4009,3837,2608,3976,3833,4170,6015,3965,3410,3964,5685,12104,6713,10623,2810,11689,7143,6254,9226,3741
Ukraine,Kiev,30,2810679,745408,747151,75707,2393,2566,3123,6229,4005,3835,2603,3971,3829,4166,6009,3959,3396,3941,5635,12000,6669,10568,2791,11589,7096,6177,9149,3691
Ukraine,Kiev,50,2810679,643314,617745,75707,2171,2336,2818,5836,3813,3689,2473,3763,3629,4011,5849,3852,3220,3674,5122,10984,6222,9898,2591,10766,6696,5649,8643,3399
Ukraine,Kiev,75,2810679,426257,336978,75707,1461,1541,1788,3906,2599,2647,1776,2697,2553,3024,4496,3042,2076,2229,3005,6494,3544,5246,1623,6953,4540,3437,5868,2336
Ukraine,Kiev City,0,69562,69562,69562,2211,152,118,211,344,194,212,68,117,261,156,257,142,59,69,51,179,112,152,35,42,51,38,16,74
Ukraine,Kiev City,10,69562,38766,34609,2211,148,116,208,338,189,207,61,98,252,153,246,133,48,65,49,167,107,144,31,38,31,36,14,65
Ukraine,Kiev City,15,69562,36211,32824,2211,146,115,208,338,189,205,61,96,251,153,245,133,48,64,48,166,106,142,31,37,30,36,13,64
Ukraine,Kiev City,20,69562,35410,32504,2211,146,115,206,337,188,205,60,95,250,153,244,132,48,64,48,165,106,142,30,37,30,36,12,64
Ukraine,Kiev City,25,69562,33988,31900,2211,146,115,206,337,188,205,59,94,249,153,244,132,47,64,48,164,106,141,30,37,29,35,12,62
Ukraine,Kiev City,30,69562,32990,31035,2211,145,115,205,335,188,205,59,94,249,153,244,132,46,63,48,163,105,140,28,35,28,35,11,61
Ukraine,Kiev City,50,69562,28899,25063,2211,127,101,173,309,177,192,55,87,241,150,234,128,41,60,45,153,94,127,25,31,22,30,9,50
Ukraine,Kiev City,75,69562,19820,13918,2211,87,67,103,179,115,119,43,56,166,112,163,95,28,36,24,84,47,61,14,22,12,16,4,18
Ukraine,Kirovohrad,0,2473260,2473260,2473260,21117,189,296,218,364,295,293,385,421,327,261,395,461,341,456,477,612,658,513,354,289,347,295,226,188
Ukraine,Kirovohrad,10,2473260,291268,325411,21117,179,291,217,355,289,284,375,408,318,259,388,452,330,449,468,586,609,480,337,266,318,240,194,166
Ukraine,Kirovohrad,15,2473260,266572,271914,21117,172,289,217,354,288,282,373,407,315,258,383,447,329,449,466,585,604,478,337,266,315,236,191,163
Ukraine,Kirovohrad,20,2473260,250003,265841,21117,172,288,217,353,287,281,373,407,314,257,381,445,329,449,466,584,600,477,335,264,313,233,189,161
Ukraine,Kirovohrad,25,2473260,230769,250201,21117,170,288,217,353,287,280,372,406,313,257,380,441,327,448,466,581,593,474,335,264,311,231,185,159
Ukraine,Kirovohrad,30,2473260,210868,232730,21117,170,287,217,352,287,279,371,405,312,256,379,439,327,448,465,578,587,472,333,262,308,225,181,157
Ukraine,Kirovohrad,50,2473260,167223,158089,21117,160,275,212,342,282,271,364,398,302,254,364,418,324,444,460,557,555,460,327,254,293,210,170,146
Ukraine,Kirovohrad,75,2473260,118663,104153,21117,134,236,190,303,258,240,341,367,272,238,334,379,303,416,430,514,490,402,303,230,258,165,138,120
Ukraine,L'viv,0,2179639,2179639,2179639,41476,3996,1236,3227,4091,3008,3696,7965,6038,4028,3607,5771,5046,2090,3143,2725,4991,4064,3423,2385,3111,2352,2422,4440,3249
Ukraine,L'viv,10,2179639,797462,793937,41476,3993,1232,3218,4080,3003,3682,7949,6020,4003,3596,5762,5027,2039,3059,2689,4703,3859,3115,2196,2777,2026,1964,3646,2519
Ukraine,L'viv,15,2179639,778224,763509,41476,3992,1229,3216,4078,3002,3680,7945,6018,4001,3595,5761,5024,2035,3052,2685,4684,3846,3103,2188,2762,2017,1951,3624,2499
Ukraine,L'viv,20,2179639,765667,756845,41476,3991,1228,3213,4076,3001,3678,7942,6017,3999,3594,5759,5021,2031,3047,2682,4670,3840,3094,2184,2753,2010,1942,3609,2487
Ukraine,L'viv,25,2179639,756970,745738,41476,3990,1227,3212,4074,3001,3677,7940,6015,3998,3594,5758,5020,2029,3043,2680,4658,3833,3088,2181,2744,2004,1936,3597,2475
Ukraine,L'viv,30,2179639,743097,734371,41476,3990,1226,3212,4073,3000,3675,7939,6014,3997,3594,5757,5019,2025,3034,2675,4641,3821,3076,2174,2730,1994,1925,3576,2459
Ukraine,L'viv,50,2179639,694378,666340,41476,3967,1212,3182,4042,2983,3641,7890,5976,3978,3580,5731,4991,1997,2988,2644,4531,3735,3003,2137,2660,1950,1882,3472,2384
Ukraine,L'viv,75,2179639,552507,404221,41476,3753,1140,2959,3774,2800,3385,7393,5690,3769,3452,5437,4743,1644,2513,2252,3720,3037,2360,1732,2137,1553,1475,2791,1894
Ukraine,Luhans'k,0,2706762,2706762,2706762,31016,193,919,544,617,775,420,486,1024,854,871,978,435,200,334,490,2204,858,1206,332,2823,16416,3722,8278,19787
Ukraine,Luhans'k,10,2706762,399148,437021,31016,170,831,515,572,755,395,431,915,814,823,945,407,176,273,449,2011,749,1108,306,1614,13702,2941,7521,11759
Ukraine,Luhans'k,15,2706762,347084,354027,31016,160,801,493,542,742,382,389,845,785,792,913,395,174,265,445,1972,733,1088,299,1489,13322,2846,7416,10862
Ukraine,Luhans'k,20,2706762,313997,345320,31016,159,794,489,539,741,378,382,827,776,785,898,390,171,257,437,1925,718,1068,295,1410,13090,2787,7338,10436
Ukraine,Luhans'k,25,2706762,276087,320408,31016,155,788,484,533,738,377,376,822,771,779,892,381,165,238,427,1832,680,1013,285,1312,12548,2640,7134,9703
Ukraine,Luhans'k,30,2706762,241080,290674,31016,153,784,480,530,735,374,373,818,766,774,887,371,155,220,398,1632,633,930,268,1123,11685,2366,6717,8735
Ukraine,Luhans'k,50,2706762,175535,168338,31016,115,685,395,455,680,320,276,644,592,623,719,330,127,154,317,1112,462,659,214,714,9152,1709,5393,6310
Ukraine,Luhans'k,75,2706762,88171,77828,31016,72,513,279,317,529,211,120,431,371,424,519,242,69,82,166,418,211,272,121,294,4633,766,2789,3081
Ukraine,Mykolayiv,0,2374103,2374103,2374103,8900,380,125,35,90,40,68,80,243,79,34,37,45,28,36,18,57,170,77,26,26,85,200,210,264
Ukraine,Mykolayiv,10,2374103,152933,167703,8900,368,117,31,79,34,59,70,224,72,26,28,39,19,31,17,52,149,71,22,21,72,166,188,216
Ukraine,Mykolayiv,15,2374103,133736,127859,8900,363,114,29,74,33,56,67,218,71,24,27,38,19,31,17,51,148,71,21,21,71,165,185,211
Ukraine,Mykolayiv,20,2374103,118861,123404,8900,360,113,29,74,33,56,66,218,70,24,26,37,18,31,17,51,147,71,21,21,69,161,181,205
Ukraine,Mykolayiv,25,2374103,101986,112261,8900,357,111,29,72,31,56,66,217,70,23,25,37,17,31,17,50,143,69,18,19,68,155,177,200
Ukraine,Mykolayiv,30,2374103,84967,96958,8900,355,107,29,70,30,54,65,216,69,21,25,35,17,31,17,49,139,67,18,19,65,148,163,184
Ukraine,Mykolayiv,50,2374103,54715,47471,8900,310,84,22,53,25,44,54,191,60,18,19,26,16,29,15,46,124,58,15,15,59,113,134,148
Ukraine,Mykolayiv,75,2374103,26752,19228,8900,219,45,14,29,19,30,33,130,43,11,10,14,7,22,13,35,84,39,6,9,27,55,55,64
Ukraine,Odessa,0,3333057,3333057,3333057,14908,167,125,138,212,142,208,250,297,256,147,207,978,154,201,224,455,475,50,47,120,200,127,71,75
Ukraine,Odessa,10,3333057,329149,315637,14908,160,119,132,201,131,194,235,285,239,135,198,936,144,196,219,434,460,44,38,94,166,83,47,59
Ukraine,Odessa,15,3333057,303380,274253,14908,156,117,130,199,128,192,233,280,236,134,194,915,144,196,219,432,459,44,38,92,163,82,45,57
Ukraine,Odessa,20,3333057,280874,269746,14908,156,117,130,196,127,191,232,278,234,133,193,904,142,196,219,430,458,43,37,89,161,79,43,55
Ukraine,Odessa,25,3333057,256929,254242,14908,154,116,129,195,125,190,231,277,232,132,192,873,142,195,219,427,457,43,35,83,156,74,40,50
Ukraine,Odessa,30,3333057,237223,239963,14908,153,115,129,193,124,189,230,276,229,132,191,829,141,195,218,426,455,42,31,79,153,72,38,47
Ukraine,Odessa,50,3333057,191439,169969,14908,139,103,120,181,117,181,215,259,215,123,183,648,140,194,216,413,446,35,23,63,134,58,31,35
Ukraine,Odessa,75,3333057,106907,97211,14908,97,80,98,144,102,158,182,220,173,101,166,423,131,184,198,360,390,21,14,32,68,28,16,16
Ukraine,Poltava,0,2890725,2890725,2890725,37202,147,662,403,788,1351,1122,914,1105,1758,864,1510,1246,943,1534,1669,2285,1858,1635,1186,1379,1546,1216,807,2740
Ukraine,Poltava,10,2890725,449767,478196,37202,142,644,396,774,1294,1101,898,1088,1724,852,1488,1198,897,1482,1545,2180,1717,1542,1110,1264,1431,1151,764,2073
Ukraine,Poltava,15,2890725,413180,417798,37202,138,636,390,764,1225,1083,890,1078,1705,846,1478,1185,892,1473,1537,2167,1698,1532,1103,1254,1419,1143,759,2017
Ukraine,Poltava,20,2890725,392402,410440,37202,135,622,380,748,1199,1074,883,1072,1695,842,1470,1177,887,1468,1533,2158,1685,1527,1096,1245,1411,1138,755,1975
Ukraine,Poltava,25,2890725,368364,389787,37202,134,616,378,743,1196,1071,880,1070,1691,842,1468,1174,884,1462,1527,2148,1669,1518,1086,1234,1403,1132,751,1928
Ukraine,Poltava,30,2890725,339876,368946,37202,133,612,377,740,1193,1070,879,1068,1690,840,1465,1164,876,1452,1517,2130,1652,1502,1073,1218,1391,1121,745,1849
Ukraine,Poltava,50,2890725,264930,262955,37202,112,508,299,601,878,901,760,948,1449,765,1357,1068,793,1311,1375,1934,1473,1362,954,1093,1267,1024,679,1485
Ukraine,Poltava,75,2890725,145773,137041,37202,61,247,138,264,286,407,407,531,787,496,922,742,340,534,647,917,729,651,464,534,678,545,355,715
Ukraine,Rivne,0,2012843,2012843,2012843,64285,3141,3237,7368,7267,3971,5877,7674,6546,5356,7896,8345,7456,6445,7023,6147,20656,16474,8300,7734,8254,5984,6876,7399,6497
Ukraine,Rivne,10,2012843,897817,874789,64285,3122,3217,7355,7241,3957,5856,7637,6519,5334,7876,8312,7409,6335,6886,5939,19790,15925,8040,7335,7821,5659,5993,5770,5568
Ukraine,Rivne,15,2012843,866040,831984,64285,3111,3195,7335,7223,3947,5839,7615,6501,5320,7865,8294,7390,6296,6851,5892,19480,15790,7985,7256,7762,5630,5938,5705,5476
Ukraine,Rivne,20,2012843,851711,824237,64285,3106,3185,7323,7210,3936,5829,7600,6491,5311,7855,8285,7379,6278,6834,5868,19325,15714,7953,7220,7731,5616,5908,5671,5432
Ukraine,Rivne,25,2012843,834024,805112,64285,3104,3180,7317,7204,3933,5826,7595,6486,5307,7851,8278,7367,6239,6798,5835,19126,15597,7892,7159,7676,5592,5866,5623,5370
Ukraine,Rivne,30,2012843,809877,782915,64285,3101,3173,7308,7197,3927,5821,7587,6477,5302,7845,8267,7346,6175,6741,5778,18784,15419,7802,7059,7603,5556,5806,5566,5277
Ukraine,Rivne,50,2012843,694709,644995,64285,2977,2904,6897,6783,3703,5512,7192,6158,5092,7614,8026,7011,5543,6114,5221,15882,13782,6870,6186,6978,5174,5281,5109,4669
Ukraine,Rivne,75,2012843,421406,285379,64285,2382,2119,4647,4853,2812,4211,5562,4887,4133,6159,6493,5513,2810,3364,2999,7661,7125,3503,3342,4192,3114,3080,3076,2866
Ukraine,Sevastopol',0,77812,77812,77812,290,10,1,6,4,8,8,11,20,46,17,9,7,22,5,6,4,1,83,6,1,43,4,5,2
Ukraine,Sevastopol',10,77812,29212,28307,290,10,1,4,2,5,4,8,17,40,15,6,5,18,4,6,3,0,79,6,1,31,1,2,1
Ukraine,Sevastopol',15,77812,28103,27105,290,10,1,4,2,4,4,8,17,40,15,5,5,18,4,6,3,0,79,6,1,30,1,2,1
Ukraine,Sevastopol',20,77812,27525,26935,290,10,1,3,2,4,3,8,17,39,14,5,5,18,4,6,3,0,79,6,1,29,1,2,1
Ukraine,Sevastopol',25,77812,26658,26226,290,10,1,3,1,4,3,8,16,38,14,5,5,18,4,6,3,0,79,6,1,27,1,2,1
Ukraine,Sevastopol',30,77812,25423,25697,290,10,1,3,1,4,3,8,16,38,14,5,4,18,4,6,3,0,79,6,1,27,1,2,1
Ukraine,Sevastopol',50,77812,22294,21643,290,6,1,2,1,1,1,3,10,31,12,4,4,16,4,6,3,0,77,6,1,21,0,1,1
Ukraine,Sevastopol',75,77812,16391,17814,290,1,0,0,0,0,0,0,3,13,4,2,2,10,3,5,2,0,67,5,0,9,0,0,0
Ukraine,Sumy,0,2373584,2373584,2373584,65331,984,1451,1559,1691,2302,1881,1787,1724,2085,1955,2189,2041,1631,1531,1741,2603,2244,2025,1889,2533,2710,2192,1696,1886
Ukraine,Sumy,10,2373584,592918,620640,65331,980,1443,1556,1687,2295,1877,1778,1714,2073,1945,2176,2015,1599,1498,1681,2506,2101,1878,1715,2160,2187,1795,1456,1682
Ukraine,Sumy,15,2373584,565505,580143,65331,978,1441,1554,1684,2292,1874,1774,1710,2069,1942,2174,2008,1595,1495,1676,2498,2088,1871,1707,2142,2159,1776,1448,1669
Ukraine,Sumy,20,2373584,550993,572527,65331,977,1438,1552,1680,2288,1872,1772,1709,2067,1941,2171,2006,1593,1493,1674,2493,2082,1866,1704,2133,2146,1763,1442,1662
Ukraine,Sumy,25,2373584,537729,556709,65331,976,1437,1551,1679,2286,1869,1771,1707,2066,1940,2169,2003,1590,1492,1671,2487,2074,1863,1700,2123,2135,1754,1437,1655
Ukraine,Sumy,30,2373584,520178,541717,65331,975,1436,1550,1678,2284,1868,1770,1707,2065,1938,2168,2002,1585,1488,1665,2476,2062,1858,1696,2112,2119,1741,1431,1647
Ukraine,Sumy,50,2373584,460201,455726,65331,942,1376,1507,1616,2223,1817,1728,1665,2010,1907,2128,1957,1527,1429,1607,2371,1967,1802,1645,2028,2029,1674,1393,1577
Ukraine,Sumy,75,2373584,300911,270764,65331,728,1034,1192,1190,1714,1411,1431,1377,1609,1644,1820,1643,976,948,1053,1548,1289,1182,1145,1349,1420,1055,985,1034
Ukraine,Ternopil',0,1391380,1391380,1391380,18206,706,367,322,652,311,557,832,652,490,743,448,726,212,525,477,720,823,570,464,699,566,669,987,837
Ukraine,Ternopil',10,1391380,228368,235952,18206,703,364,320,646,309,550,822,648,486,737,442,715,200,492,451,654,683,489,376,460,347,424,627,466
Ukraine,Ternopil',15,1391380,220799,224341,18206,702,363,319,645,309,550,821,648,486,736,441,714,198,488,449,649,675,485,375,450,344,417,621,461
Ukraine,Ternopil',20,1391380,216127,222515,18206,702,362,319,645,309,549,819,648,485,736,440,713,197,484,448,647,672,483,374,442,343,413,614,459
Ukraine,Ternopil',25,1391380,213068,218396,18206,701,362,319,644,308,549,818,648,485,736,440,712,197,482,446,646,669,482,372,436,342,410,610,457
Ukraine,Ternopil',30,1391380,207884,213923,18206,701,362,319,644,308,548,816,648,485,734,440,711,195,479,444,644,664,479,370,425,339,406,602,453
Ukraine,Ternopil',50,1391380,190576,192617,18206,687,356,315,633,305,539,800,637,479,729,433,699,189,461,435,630,638,465,363,373,329,388,576,437
Ukraine,Ternopil',75,1391380,150740,139750,18206,637,333,288,579,278,489,723,594,449,680,404,645,147,391,381,549,524,403,316,312,292,334,485,380
Ukraine,Vinnytsya,0,2656463,2656463,2656463,22342,493,419,379,757,573,687,837,751,855,846,989,960,1099,1448,1524,2049,2255,2009,1391,1867,1754,1665,1768,1747
Ukraine,Vinnytsya,10,2656463,519245,503198,22342,490,417,377,751,567,681,828,735,848,839,985,943,1059,1402,1474,1948,2102,1892,1320,1664,1549,1485,1614,1555
Ukraine,Vinnytsya,15,2656463,497325,467882,22342,489,417,377,749,566,680,827,732,846,839,983,939,1056,1395,1468,1938,2087,1881,1313,1649,1534,1475,1601,1527
Ukraine,Vinnytsya,20,2656463,481671,463117,22342,489,417,376,749,566,679,827,731,845,838,983,937,1054,1393,1466,1931,2076,1875,1311,1641,1526,1468,1594,1515
Ukraine,Vinnytsya,25,2656463,465118,451176,22342,489,416,376,748,564,679,826,730,844,836,982,934,1052,1390,1463,1927,2066,1869,1309,1630,1517,1461,1586,1501
Ukraine,Vinnytsya,30,2656463,441108,438951,22342,488,416,376,748,564,678,825,729,844,836,982,932,1048,1386,1459,1918,2050,1856,1302,1616,1508,1451,1574,1477
Ukraine,Vinnytsya,50,2656463,391322,377685,22342,481,412,372,737,553,670,818,720,833,826,972,916,1033,1365,1438,1869,1980,1803,1274,1545,1452,1387,1530,1416
Ukraine,Vinnytsya,75,2656463,317902,293130,22342,432,382,350,684,502,623,784,686,786,786,930,866,964,1280,1362,1710,1806,1663,1179,1399,1334,1262,1397,1291
Ukraine,Volyn,0,2033910,2033910,2033910,71983,2127,2108,2699,4772,2672,4615,5857,5406,3990,4431,4489,4618,2690,4147,4380,9741,9579,8877,6736,6869,5186,4885,5232,5330
Ukraine,Volyn,10,2033910,822250,806920,71983,2118,2097,2694,4762,2667,4603,5840,5390,3982,4425,4480,4602,2651,4062,4296,9251,9259,8546,6370,6519,4680,3911,4202,4606
Ukraine,Volyn,15,2033910,799835,773731,71983,2112,2091,2691,4756,2663,4594,5833,5384,3978,4423,4475,4596,2642,4047,4279,9183,9203,8488,6336,6486,4657,3865,4160,4579
Ukraine,Volyn,20,2033910,785855,766423,71983,2109,2087,2688,4752,2661,4588,5829,5380,3976,4420,4472,4594,2639,4040,4270,9149,9178,8462,6318,6467,4645,3844,4141,4567
Ukraine,Volyn,25,2033910,772700,749775,71983,2108,2085,2685,4749,2657,4584,5826,5375,3974,4419,4471,4591,2632,4031,4255,9098,9143,8423,6294,6447,4633,3821,4117,4549
Ukraine,Volyn,30,2033910,753221,733477,71983,2106,2082,2683,4748,2654,4581,5823,5372,3972,4418,4469,4587,2622,4015,4238,9024,9092,8361,6258,6419,4613,3794,4087,4525
Ukraine,Volyn,50,2033910,666393,616054,71983,2047,1995,2583,4619,2582,4381,5645,5239,3889,4357,4400,4498,2480,3852,4053,8346,8495,7579,5812,6060,4391,3559,3838,4306
Ukraine,Volyn,75,2033910,410152,206679,71983,1783,1658,2119,3845,2193,3565,4665,4503,3314,3799,3817,3844,1474,2399,2520,4749,4922,3752,3088,3508,2623,2157,2282,2606
Ukraine,Zakarpattia,0,1277805,1277805,1277805,17371,2154,883,1655,2233,1571,1809,6777,2286,2299,1992,2548,2948,1743,3065,2538,4419,3198,2821,1967,2654,1759,1186,2026,1451
Ukraine,Zakarpattia,10,1277805,814183,794950,17371,2151,881,1650,2227,1569,1801,6762,2282,2293,1991,2540,2934,1710,3037,2521,4370,3173,2803,1961,2632,1743,1168,1954,1416
Ukraine,Zakarpattia,15,1277805,798459,779536,17371,2150,881,1648,2227,1568,1800,6760,2281,2292,1991,2539,2932,1706,3033,2520,4366,3170,2801,1960,2629,1741,1166,1949,1414
Ukraine,Zakarpattia,20,1277805,791420,774387,17371,2149,881,1647,2227,1568,1799,6758,2281,2292,1991,2539,2931,1704,3032,2518,4364,3168,2800,1960,2628,1741,1166,1946,1412
Ukraine,Zakarpattia,25,1277805,785771,766998,17371,2149,881,1646,2226,1568,1799,6756,2279,2291,1990,2538,2929,1701,3030,2517,4362,3166,2799,1960,2628,1739,1164,1943,1411
Ukraine,Zakarpattia,30,1277805,775262,759053,17371,2148,880,1645,2226,1567,1799,6754,2279,2290,1990,2537,2929,1697,3026,2516,4359,3164,2797,1958,2626,1738,1163,1938,1409
Ukraine,Zakarpattia,50,1277805,741727,719849,17371,2134,877,1625,2216,1559,1790,6715,2270,2278,1986,2526,2914,1677,3007,2505,4335,3145,2784,1952,2615,1732,1151,1914,1399
Ukraine,Zakarpattia,75,1277805,667433,573122,17371,2046,855,1532,2152,1516,1738,6470,2202,2207,1956,2467,2842,1602,2923,2434,4206,3043,2699,1907,2555,1697,1114,1830,1365
Ukraine,Zaporizhia,0,2672973,2672973,2672973,8064,20,47,55,33,44,28,59,44,88,24,33,63,13,16,1,38,81,43,29,51,25,30,223,511
Ukraine,Zaporizhia,10,2672973,115545,142588,8064,14,32,40,20,34,17,44,33,70,19,18,38,10,14,0,23,57,25,20,35,18,23,182,447
Ukraine,Zaporizhia,15,2672973,95405,108748,8064,14,29,36,18,34,16,42,33,67,18,15,36,10,14,0,22,57,25,20,34,18,23,180,444
Ukraine,Zaporizhia,20,2672973,81907,105111,8064,13,27,36,18,33,15,41,33,65,18,15,35,9,14,0,22,55,23,20,33,17,23,179,440
Ukraine,Zaporizhia,25,2672973,70515,95839,8064,13,26,35,17,30,15,40,32,64,18,14,31,9,14,0,20,52,22,19,32,16,22,174,436
Ukraine,Zaporizhia,30,2672973,56018,81249,8064,13,23,35,16,30,14,38,32,64,18,13,29,9,13,0,19,47,20,18,31,15,22,166,428
Ukraine,Zaporizhia,50,2672973,32878,34884,8064,8,12,23,9,19,10,33,28,46,16,9,19,8,10,0,11,36,15,12,23,10,15,132,401
Ukraine,Zaporizhia,75,2672973,13896,15895,8064,2,4,13,3,3,3,17,17,27,9,5,8,5,7,0,4,14,6,4,9,5,5,58,251
Ukraine,Zhytomyr,0,3006279,3006279,3006279,125652,3529,5225,7964,8758,5858,5201,6795,6997,7922,9661,9627,8398,7980,9793,10366,27876,22291,17698,9900,30941,13879,11281,14156,10770
Ukraine,Zhytomyr,10,3006279,1286272,1273910,125652,3517,5192,7938,8731,5839,5183,6767,6967,7883,9640,9600,8354,7866,9672,10048,27151,21803,17273,9508,29144,13257,10271,12368,9413
Ukraine,Zhytomyr,15,3006279,1248093,1222977,125652,3504,5162,7907,8704,5828,5173,6754,6956,7864,9625,9585,8343,7840,9647,10001,27018,21719,17219,9466,28901,13204,10208,12287,9314
Ukraine,Zhytomyr,20,3006279,1227201,1213389,125652,3496,5151,7890,8684,5819,5167,6746,6949,7827,9620,9576,8333,7827,9635,9976,26943,21674,17189,9448,28772,13177,10176,12248,9274
Ukraine,Zhytomyr,25,3006279,1206147,1189288,125652,3493,5145,7881,8676,5816,5164,6742,6946,7821,9617,9573,8327,7810,9617,9947,26852,21616,17147,9421,28605,13138,10137,12199,9220
Ukraine,Zhytomyr,30,3006279,1175326,1166285,125652,3491,5136,7871,8667,5814,5161,6738,6942,7813,9612,9568,8319,7783,9591,9903,26712,21509,17083,9371,28328,13078,10079,12123,9120
Ukraine,Zhytomyr,50,3006279,1048307,1017304,125652,3346,4777,7422,8232,5598,5006,6532,6763,7395,9388,9363,8141,7355,9144,9374,25155,20241,16223,8828,25983,12548,9572,11554,8587
Ukraine,Zhytomyr,75,3006279,730946,534430,125652,2741,3808,5745,6396,4556,4287,5547,5829,6159,7973,8035,6916,4308,5722,6038,14980,11605,9260,5981,15454,8603,6495,7981,6326
